,slidename
0,2000-005-5
0,2020-025-5
0,2011-039-1
0,2020-044-6
0,2020-044-5
0,2020-044-4
0,2020-044-3
0,2020-044-2
0,2020-044-1
0,2020-043-6
0,2020-043-5
0,2020-043-4
0,2020-043-3
0,2020-043-2
0,2020-043-1
0,2020-041-1
0,2020-036-6
0,2020-036-5
0,2020-036-4
0,2020-036-3
0,2020-036-2
0,2020-036-1
0,2020-031-6
0,2020-031-5
0,2020-031-4
0,2020-031-3
0,2020-031-2
0,2020-031-1
0,2011-039-1
0,2000-005-4
0,2020-026-1
0,2011-039-5
0,2009-031-6
0,2008-027-1
0,2006-023-3
0,2004-049-3
0,2004-049-10
0,2002-022-1
0,2012-029-3
0,2018-016-1
0,2019-019-3
0,2020-027-16
0,2020-027-5
0,2020-037-4
0,2020-027-11
0,2020-027-12
0,2000-050-10
0,2014-056-06
0,2019-087-1
0,2019-087-3
0,2019-087-4
0,2019-087-5
0,2016-0016-05
0,2019-064-3
0,2019-087-6
0,2019-080-1
0,2019-080-2
0,2019-080-3
0,2019-080-4
0,2019-080-6
0,2019-080-5
0,2019-084-1
0,2019-084-2
0,2019-084-3
0,2019-084-4
0,2019-084-5
0,2019-084-6
0,2019-076-1
0,2019-076-2
0,2019-090-1
0,2019-076-3
0,2019-076-4
0,2019-090-2
0,2019-076-5
0,2019-090-3
0,2019-076-6
0,2019-090-4
0,2019-090-5
0,2000-050-05
0,2019-090-6
0,2019-075-1
0,2019-075-2
0,2019-075-3
0,2019-075-4
0,2019-075-5
0,2019-075-6
0,2019-092-1
0,2014-056-01
0,2019-092-3
0,2014-056-02
0,2019-092-4
0,2019-092-2
0,2014-056-03
0,2019-092-5
0,2019-092-6
0,2014-056-04
0,2014-056-05
0,2000-050-01
0,2000-050-02
0,2000-050-03
0,2000-050-04
0,2000-050-06
0,2000-050-07
0,2000-050-08
0,2019-093-1
0,2000-050-09
0,2000-050-11
0,2019-093-2
0,2000-050-12
0,2016-0016-01
0,2016-0016-02
0,2019-093-3
0,2016-0016-03
0,2019-093-4
0,2016-0016-04
0,2019-093-5
0,2016-0016-06
0,2019-093-6
0,2019-061-001
0,2019-061-002
0,2019-061-03
0,2019-061-04
0,2019-061-05
0,2019-061-06
0,2019-094-1
0,2019-056-1
0,2019-056-2
0,2019-094-2
0,2019-056-3
0,2019-094-3
0,2019-056-4
0,2019-056-5
0,2019-094-4
0,2019-056-6
0,2019-058-1
0,2019-094-5
0,2019-094-6
0,2019-058-2
0,2019-058-3
0,2019-058-4
0,2019-058-5
0,2019-058-6
0,2019-096-1
0,2019-062-1
0,2019-062-2
0,2019-096-3
0,2019-096-2
0,2019-096-4
0,2019-062-3
0,2019-062-4
0,2019-096-5
0,2019-062-5
0,2019-096-6
0,2019-062-6
0,2019-063-2
0,2019-063-1
0,2019-063-3
0,2019-063-4
0,2019-063-6
0,2019-063-5
0,2019-097-1
0,2019-097-2
0,2019-064-1
0,2019-064-2
0,2019-097-3
0,2019-097-5
0,2019-097-4
0,2019-097-6
0,2019-064-4
0,2019-064-5
0,2019-064-6
0,2019-065-1
0,2019-065-2
0,2019-085-4
0,2019-065-3
0,2019-085-6
0,2019-065-5
0,2019-065-4
0,2019-066-1
0,2019-065-6
0,2019-066-3
0,2019-066-2
0,2019-085-2
0,2019-085-5
0,2019-085-3
0,2019-066-4
0,2019-066-5
0,2019-085-1
0,2019-066-6
0,2019-077-2
0,2019-077-1
0,2019-077-3
0,2019-068-1
0,2019-077-4
0,2019-068-2
0,2019-077-6
0,2019-077-5
0,2019-068-3
0,2019-068-4
0,2019-068-5
0,2019-068-6
0,2019-087-2
0,2019-070-1
0,2019-070-2
0,2019-070-3
0,2019-070-4
0,2019-070-6
0,2019-070-5
0,2019-071-1
0,2019-071-2
0,2019-071-3
0,2019-071-4
0,2019-071-5
0,2019-071-6
0,2020-047-01
0,2020-047-02
0,2020-047-04
0,2020-047-03
0,2020-047-05
0,2020-047-06
0,2019-104-1
0,2019-104-2
0,2019-104-4
0,2019-104-3
0,2019-104-5
0,2019-104-6
0,2019-014-1
0,2019-014-2
0,2019-014-3
0,2019-014-4
0,2019-014-5
0,2019-014-6
0,2019-019-1
0,2019-019-2
0,2019-019-4
0,2019-019-5
0,2019-019-11
0,2019-046-1
0,2019-046-2
0,2019-046-3
0,2019-046-4
0,2019-046-5
0,2019-046-6
0,2019-013-1
0,2019-013-2
0,2019-013-3
0,2019-013-4
0,2019-013-5
0,2019-013-6
0,2019-035-1
0,2019-035-2
0,2019-035-3
0,2019-035-4
0,2019-035-5
0,2019-035-6
0,2019-012-1
0,2019-012-2
0,2019-012-3
0,2019-012-4
0,2019-012-5
0,2019-016-1
0,2019-016-2
0,2019-016-3
0,2019-016-4
0,2019-016-5
0,2019-016-6
0,2019-017-1
0,2019-017-2
0,2019-017-3
0,2019-017-5
0,2019-017-4
0,2019-017-6
0,2019-018-1
0,2019-018-2
0,2019-018-3
0,2019-018-4
0,2019-018-5
0,2019-018-6
0,2019-024-5
0,2019-025-6
0,2019-031-4
0,2019-021-1
0,2019-012-6
0,2019-026-1
0,2019-026-2
0,2019-026-3
0,2019-034-1
0,2019-034-2
0,2019-034-3
0,2019-026-4
0,2019-026-5
0,2019-034-5
0,2019-034-4
0,2019-034-6
0,2019-026-6
0,2019-006-1
0,2019-027-1
0,2019-006-2
0,2019-006-3
0,2019-027-2
0,2019-006-4
0,2019-027-3
0,2019-006-5
0,2019-006-6
0,2019-027-4
0,2019-027-5
0,2019-027-6
0,2019-006-12
0,2019-006-11
0,2019-107-1
0,2019-107-2
0,2019-107-3
0,2019-031-1
0,2019-107-4
0,2019-107-5
0,2019-107-6
0,2019-031-2
0,2019-031-3
0,2019-031-5
0,2019-031-7
0,2019-004-1
0,2019-004-2
0,2019-004-3
0,2019-021-2
0,2019-004-4
0,2019-021-3
0,2019-004-5
0,2019-004-6
0,2019-021-4
0,2019-021-5
0,2019-021-6
0,2019-105-1
0,2019-105-2
0,2019-023-1
0,2019-023-2
0,2019-105-3
0,2019-023-3
0,2019-105-4
0,2019-023-4
0,2019-105-5
0,2019-023-5
0,2019-023-6
0,2019-105-6
0,2019-106-1
0,2019-106-2
0,2019-106-3
0,2019-024-1
0,2019-106-4
0,2019-024-2
0,2019-024-3
0,2019-106-5
0,2019-024-4
0,2019-024-6
0,2019-106-6
0,2019-030-2
0,2019-030-1
0,2019-030-3
0,2019-030-4
0,2019-030-5
0,2019-025-1
0,2019-025-2
0,2019-030-3
0,2019-025-3
0,2019-030-6
0,2019-025-5
0,2019-025-4
0,2020-030-1
0,2020-031-1
0,2020-031-2
0,2020-031-3
0,2020-013-5
0,2020-027-9
0,2020-026-2
0,2020-026-3
0,2020-026-4
0,2020-026-5
0,2020-027-1
0,2020-027-2
0,2020-027-3
0,2020-020-5
0,2020-027-4
0,2020-020-6
0,2020-027-6
0,2019-047-1
0,2019-047-2
0,2020-025-4
0,2019-047-3
0,2019-047-4
0,2020-027-15
0,2019-047-5
0,2019-047-6
0,2020-030-2
0,2020-030-3
0,2020-030-4
0,2019-048-1
0,2019-048-2
0,2020-030-6
0,2019-048-3
0,2020-030-5
0,2019-048-4
0,2019-048-5
0,2019-048-6
0,2019-054-1
0,2019-054-2
0,2019-054-3
0,2019-022-3
0,2019-022-2
0,2019-054-4
0,2019-022-4
0,2019-022-5
0,2019-054-5
0,2019-022-6
0,2019-022-1
0,2019-055-1
0,2019-055-2
0,2019-055-3
0,2020-007-1
0,2019-055-4
0,2020-007-2
0,2019-055-5
0,2020-007-3
0,2019-055-6
0,2020-007-4
0,2020-007-5
0,2020-007-6
0,2020-013-1
0,2020-013-2
0,2020-013-3
0,2020-013-4
0,2020-008-9
0,2020-008-10
0,2020-008-11
0,2020-008-12
0,2020-008-13
0,2020-013-6
0,2020-005-1
0,2020-005-2
0,2020-005-5
0,2020-008-2
0,2020-008-1
0,2020-005-4
0,2020-005-6
0,2020-008-4
0,2020-008-3
0,2020-008-5
0,2020-008-6
0,2020-008-8
0,2020-020-1
0,2020-020-2
0,2020-025-1
0,2020-020-3
0,2020-025-2
0,2020-025-3
0,2020-020-4
0,2020-027-13
0,2020-027-14
0,2020-025-6
0,2020-006-1
0,2020-005-3
0,2020-006-2
0,2020-006-3
0,2020-006-4
0,2020-006-5
0,2020-006-6
0,2020-037-6
0,2020-037-5
0,2020-037-4
0,2020-037-3
0,2020-037-2
0,2020-037-1
0,2020-036-1
0,2020-036-2
0,2020-036-3
0,2020-036-4
0,2020-036-5
0,2020-036-6
0,2020-031-4
0,2020-031-5
0,2020-031-6
0,2020-043-1
0,2020-043-2
0,2020-043-3
0,2020-043-4
0,2020-043-5
0,2020-043-6
0,2020-041-2
0,2020-041-3
0,2020-041-6
0,2020-041-7
0,2020-041-8
0,2020-039-1
0,2020-039-2
0,2020-039-3
0,2020-039-4
0,2020-039-5
0,2020-039-6
0,2015-015-2
0,2017-042-6
0,2017-044-5
0,2015-043-6
0,2003-008-11
0,2016-017-1
0,2003-008-12
0,2016-017-3
0,2003-008-13
0,2016-017-2
0,2001-051-7
0,2016-017-5
0,2016-017-4
0,2002-060-2
0,2002-060-3
0,2002-060-1
0,2016-049-1
0,2016-049-2
0,2002-022-5
0,2002-022-3
0,2002-022-4
0,2002-022-2
0,2016-049-4
0,2016-049-3
0,2001-051-8
0,2016-049-5
0,2016-049-6
0,2002-007-3
0,2002-007-4
0,2017-042-1
0,2002-007-2
0,2002-007-1
0,2017-042-2
0,2001-051-5
0,2001-051-4
0,2001-051-3
0,2019-049-1
0,2019-049-2
0,2019-049-3
0,2019-049-4
0,2019-049-5
0,2019-049-6
0,2019-101-1
0,2019-101-4
0,2019-101-5
0,2020-045-5
0,2020-045-6
0,2020-045-2
0,2018-017-2
0,2018-017-1
0,2001-051-2
0,2018-017-4
0,2018-017-3
0,2018-017-6
0,2018-017-5
0,2001-051-1
0,2001-019-6
0,2001-019-5
0,2017-042-4
0,2001-019-4
0,2001-019-3
0,2019-002-1
0,2001-019-2
0,2001-019-1
0,2019-002-2
0,2019-002-3
0,2000-053-6
0,2000-053-5
0,2019-002-4
0,2000-038-7
0,2019-002-5
0,2019-002-6
0,2020-049-5
0,2019-101-3
0,2000-053-4
0,2019-101-2
0,2000-053-3
0,2000-053-2
0,2000-053-1
0,2013-047-1
0,2013-047-2
0,2000-038-10
0,2013-047-6
0,2000-038-9
0,2013-047-4
0,2000-038-8
0,2000-038-6
0,2013-047-3
0,2013-047-5
0,2000-038-5
0,2000-038-4
0,2015-015-1
0,2015-015-3
0,2000-038-3
0,2000-038-2
0,2015-015-4
0,2000-025-9
0,2000-038-1
0,2000-025-7
0,2015-015-5
0,2015-015-6
0,2015-043-1
0,2000-025-5
0,2000-025-3
0,2015-043-2
0,2000-025-1
0,2015-043-3
0,2015-043-4
0,2015-043-5
0,2020-048-4
0,2020-048-5
0,2003-008-4
0,2020-048-6
0,2003-008-5
0,2020-049-3
0,2008-027-2
0,2012-030-3
0,2019-101-6
0,2003-010-1
0,2003-010-2
0,2020-049-1
0,2020-049-2
0,2020-045-1
0,2020-045-3
0,2020-045-4
0,2003-054-1
0,2003-033-6
0,2020-048-1
0,2003-054-2
0,2020-049-4
0,2020-048-3
0,2020-049-6
0,2003-054-6
0,2020-048-2
0,2017-042-5
0,2017-042-3
0,2017-044-1
0,2017-044-2
0,2017-044-3
0,2017-044-4
0,2017-044-6
0,2018-016-2
0,2018-016-3
0,2018-016-4
0,2018-016-6
0,2018-016-5
0,2000-005-3
0,2000-005-2
0,2000-005-1
0,2003-008-15
0,2003-008-14
0,2003-008-2
0,2003-008-3
0,2003-008-6
0,2003-008-7
0,2003-008-8
0,2003-008-9
0,2003-033-2
0,2003-033-3
0,2003-033-4
0,2003-033-1
0,2003-033-5
0,2003-054-3
0,2003-054-4
0,2003-054-5
0,2005-047-9
0,2006-015-3
0,2007-014-5
0,2011-039-9
0,2011-039-2
0,2011-039-6
0,2011-039-4
0,2011-039-3
0,2009-031-3
0,2009-031-2
0,2005-047-13
0,2005-047-14
0,2005-047-12
0,2009-031-1
0,2005-047-16
0,2005-047-15
0,2014-047-3
0,2014-047-1
0,2014-046-5
0,2014-046-1
0,2014-031-5
0,2014-031-3
0,2014-026-6
0,2014-024-2
0,2012-029-1
0,2012-022-9
0,2012-022-8
0,2012-022-7
0,2012-022-6
0,2012-022-5
0,2012-022-4
0,2012-022-3
0,2012-022-2
0,2012-022-11
0,2012-022-10
0,2012-022-1
0,2011-009-2
0,2011-007-1
0,2010-015-6
0,2010-015-4
0,2010-015-5
0,2011-009-1
0,2010-015-2
0,2010-015-1
0,2009-031-5
0,2009-031-4
0,2008-030-5
0,2008-030-6
0,2008-030-4
0,2008-030-3
0,2008-030-2
0,2008-030-1
0,2008-027-6
0,2008-027-5
0,2008-027-4
0,2008-027-3
0,2008-026-6
0,2008-026-5
0,2008-026-4
0,2008-026-3
0,2008-026-2
0,2008-026-1
0,2007-014-6
0,2007-014-4
0,2007-014-3
0,2007-014-2
0,2007-014-1
0,2007-003-6
0,2007-003-5
0,2007-003-4
0,2007-003-3
0,2007-003-2
0,2007-003-1
0,2006-023-7
0,2006-015-5
0,2005-047-8
0,2005-047-10
0,2006-015-6
0,2006-023-5
0,2006-023-2
0,2006-023-6
0,2006-023-4
0,2006-015-4
0,2006-015-1
0,2004-027-1
0,2005-047-11
0,2005-047-7
0,2006-015-2
0,2004-027-2
0,2005-047-2
0,2005-047-4
0,2005-047-5
0,2005-047-6
0,2005-047-3
0,2014-047-6
0,2014-047-2
0,2014-047-5
0,2014-046-6
0,2014-047-4
0,2014-046-4
0,2014-046-2
0,2014-031-6
0,2014-031-4
0,2014-031-2
0,2014-031-1
0,2014-046-3
0,2014-026-2
0,2014-026-4
0,2014-026-1
0,2014-026-5
0,2014-026-3
0,2014-024-6
0,2014-024-3
0,2014-024-1
0,2014-024-5
0,2014-024-4
0,2005-043-3
0,2005-043-1
0,2005-043-2
0,2004-049-9
0,2004-049-8
0,2004-049-6
0,2004-049-1
0,2004-030-6
0,2004-049-12
0,2004-049-5
0,2004-049-11
0,2004-049-4
0,2004-049-7
0,2004-049-2
0,2004-027-5
0,2004-027-6
0,2004-027-4
0,2001-051-6
0,2004-030-1
0,2004-030-5
0,2004-027-3
0,2004-030-4
0,2003-008-1
0,2000-038-11
0,2004-030-2
0,2012-040-5
0,2012-040-3
0,2012-040-1
0,2012-040-2
0,2012-040-4
0,2005-043-4
0,2003-008-10
0,2012-030-4
0,2012-030-5
0,2005-043-6
0,2005-043-5
0,2012-030-2
0,2012-030-6
0,2011-009-6
0,2011-007-6
0,2011-007-2
0,2011-007-4
0,2011-007-3
0,2011-009-3
0,2011-009-5
0,2005-047-1
0,2011-007-5
0,2012-030-1
0,2012-029-5
0,2012-029-4
0,2012-029-2
