,slidename,order,sample,notes
0,13829$2000-005-5$US$SCAN$OR$001 -003.svs,13829,2000-005-5,Control
0,13829$2020-025-5$US$SCAN$OR$001 -003.svs,13829,2020-025-5,Immuno
0,13829$2020-044-9$US$SCAN$OR$001 .svs,13829,2020-044-9,Immuno
0,13829$2020-044-6$US$SCAN$OR$001 .svs,13829,2020-044-6,Pentachrome
0,13829$2020-043-8$US$SCAN$OR$001 .svs,13829,2020-043-8,Immuno
0,13829$2020-043-7$US$SCAN$OR$001 .svs,13829,2020-043-7,Pentachrome
0,13829$2020-043-6$US$SCAN$OR$001 .svs,13829,2020-043-6,Pentachrome
0,13829$2020-043-10$US$SCAN$OR$001 .svs,13829,2020-043-10,Immuno
0,13829$2020-043-1$US$SCAN$OR$001 .svs,13829,2020-043-1,Immuno
0,13829$2020-037-8$US$SCAN$OR$001 .svs,13829,2020-037-8,Immuno
0,13829$2020-037-7$US$SCAN$OR$001 .svs,13829,2020-037-7,Immuno
0,13829$2020-036-9$US$SCAN$OR$001 .svs,13829,2020-036-9,Pentachrome
0,13829$2020-036-8$US$SCAN$OR$001 .svs,13829,2020-036-8,Immuno
0,13829$2020-036-7$US$SCAN$OR$001 .svs,13829,2020-036-7,Immuno
0,13829$2020-036-6$US$SCAN$OR$001 .svs,13829,2020-036-6,Pentachrome
0,13829$2020-036-1$US$SCAN$OR$001 .svs,13829,2020-036-1,Immuno
0,13829$2020-031-8$US$SCAN$OR$001 .svs,13829,2020-031-8,Immuno
0,13829$2020-031-7$US$SCAN$OR$001 .svs,13829,2020-031-7,Immuno
0,13829$2020-031-6$US$SCAN$OR$001 .svs,13829,2020-031-6,Immuno
0,13829$2020-031-1$US$SCAN$OR$001 .svs,13829,2020-031-1,Pentachrome
0,13829$2000-005-4$US$SCAN$OR$001 -001.svs,13829,2000-005-4,Immuno
0,13829$2011-039-5$US$SCAN$OR$001 .svs,13829,2011-039-5,Poor section
0,13829$2008-027-1$US$SCAN$OR$001 .svs,13829,2008-027-1,Poor section
0,13829$2019-019-3$US$SCAN$OR$001 .svs,13829,2019-019-3,Immuno
0,13829$2019-021-7$US$SCAN$OR$001 .svs,13829,2019-021-7,Immuno
0,13829$2019-049-7$US$SCAN$OR$001 .svs,13829,2019-049-7,Pentachrome
0,13829$2019-105-10$US$SCAN$OR$001 .svs,13829,2019-105-10,Pentachrome
0,13829$2019-106-8$US$SCAN$OR$001 .svs,13829,2019-106-8,Immuno
0,13829$2020-027-16$US$SCAN$OR$001 .svs,13829,2020-027-16,Pentachrome
0,13829$2020-037-4$US$SCAN$OR$001 .svs,13829,2020-037-4,Pentachrome
0,13829$2020-027-11$US$SCAN$OR$001 .svs,13829,2020-027-11,Pentachrome
0,13829$2019-002-7$US$SCAN$OR$001 .svs,13829,2019-002-7,Immuno
0,13829$2019-101-10$US$SCAN$OR$001 .svs,13829,2019-101-10,Pentachrome
0,13829$2000-050-10$US$SCAN$OR$001 -001.svs,13829,2000-050-10,Immuno
0,13829$2019-087-3$US$SCAN$OR$001 .svs,13829,2019-087-3,Pentachrome
0,13829$2019-087-8$US$SCAN$OR$001 .svs,13829,2019-087-8,Pentachrome
0,13829$2019-087-9$US$SCAN$OR$001 .svs,13829,2019-087-9,Immuno
0,13829$2019-087-11$US$SCAN$OR$001 .svs,13829,2019-087-11,Immuno
0,13829$2019-087-10$US$SCAN$OR$001 .svs,13829,2019-087-10,Control
0,13829$2019-087-12$US$SCAN$OR$001 .svs,13829,2019-087-12,Immuno
0,13829$2019-087-13$US$SCAN$OR$001 .svs,13829,2019-087-13,Control
0,13829$2019-080-1$US$SCAN$OR$001 .svs,13829,2019-080-1,Control
0,13829$2019-080-8$US$SCAN$OR$001 .svs,13829,2019-080-8,Immuno
0,13829$2019-080-9$US$SCAN$OR$001 .svs,13829,2019-080-9,Immuno
0,13829$2019-080-10$US$SCAN$OR$001 .svs,13829,2019-080-10,Immuno
0,13829$2019-080-11$US$SCAN$OR$001 .svs,13829,2019-080-11,Pentachrome
0,13829$2019-084-1$US$SCAN$OR$001 .svs,13829,2019-084-1,Control
0,13829$2019-084-10$US$SCAN$OR$001 .svs,13829,2019-084-10,Control
0,13829$2019-084-7$US$SCAN$OR$001 .svs,13829,2019-084-7,Control
0,13829$2019-084-9$US$SCAN$OR$001 .svs,13829,2019-084-9,Immuno
0,13829$2019-084-11$US$SCAN$OR$001 .svs,13829,2019-084-11,Immuno
0,13829$2019-097-13$US$SCAN$OR$001 .svs,13829,2019-097-13,Immuno
0,13829$2019-097-12$US$SCAN$OR$001 .svs,13829,2019-097-12,Immuno
0,13829$2019-084-12$US$SCAN$OR$001 .svs,13829,2019-084-12,Control
0,13829$2019-076-1$US$SCAN$OR$001 .svs,13829,2019-076-1,Pentachrome
0,13829$2019-076-2$US$SCAN$OR$001 .svs,13829,2019-076-2,Control
0,13829$2019-076-8$US$SCAN$OR$001 .svs,13829,2019-076-8,Immuno
0,13829$2019-090-4$US$SCAN$OR$001 .svs,13829,2019-090-4,Immuno
0,13829$2019-076-10$US$SCAN$OR$001 .svs,13829,2019-076-10,Immuno
0,13829$2019-076-11$US$SCAN$OR$001 .svs,13829,2019-076-11,Pentachrome
0,13829$2019-090-5$US$SCAN$OR$001 .svs,13829,2019-090-5,Control
0,13829$2019-090-8$US$SCAN$OR$001 .svs,13829,2019-090-8,Immuno
0,13829$2019-075-4$US$SCAN$OR$001 .svs,13829,2019-075-4,Immuno
0,13829$2019-075-5$US$SCAN$OR$001 .svs,13829,2019-075-5,Immuno
0,13829$2019-090-11$US$SCAN$OR$001 .svs,13829,2019-090-11,Pentachrome
0,13829$2019-092-1$US$SCAN$OR$001 .svs,13829,2019-092-1,Control
0,13829$2019-021-9$US$SCAN$OR$001 .svs,13829,2019-021-9,Pentachrome
0,13829$2014-056-01$US$SCAN$OR$001 .svs,13829,2014-056-01,Immuno
0,13829$2000-050-01$US$SCAN$OR$001 .svs,13829,2000-050-01,Immuno
0,13829$2000-050-03$US$SCAN$OR$001 .svs,13829,2000-050-03,Immuno
0,13829$2019-092-9$US$SCAN$OR$001 .svs,13829,2019-092-9,Control
0,13829$2019-092-11$US$SCAN$OR$001 .svs,13829,2019-092-11,Immuno
0,13829$2000-050-06$US$SCAN$OR$001 .svs,13829,2000-050-06,Pentachrome
0,13829$2019-061-002$US$SCAN$OR$001 .svs,13829,2019-061-002,Pentachrome
0,13829$2019-061-04$US$SCAN$OR$001 .svs,13829,2019-061-04,Immuno
0,13829$2019-093-10$US$SCAN$OR$001 .svs,13829,2019-093-10,Immuno
0,13829$2019-061-05$US$SCAN$OR$001 .svs,13829,2019-061-05,Immuno
0,13829$2019-093-11$US$SCAN$OR$001 .svs,13829,2019-093-11,Control
0,13829$2019-061-06$US$SCAN$OR$001 .svs,13829,2019-061-06,Control
0,13829$2019-058-3$US$SCAN$OR$001 .svs,13829,2019-058-3,Pentachrome
0,13829$2019-058-4$US$SCAN$OR$001 .svs,13829,2019-058-4,Immuno
0,13829$2019-058-5$US$SCAN$OR$001 .svs,13829,2019-058-5,Immuno
0,13829$2019-096-1$US$SCAN$OR$001 .svs,13829,2019-096-1,Immuno
0,13829$2019-096-6$US$SCAN$OR$001 .svs,13829,2019-096-6,Control
0,13829$2019-063-3$US$SCAN$OR$001 .svs,13829,2019-063-3,Control
0,13829$2019-096-10$US$SCAN$OR$001 .svs,13829,2019-096-10,Control
0,13829$2019-063-4$US$SCAN$OR$001 .svs,13829,2019-063-4,Immuno
0,13829$2019-096-13$US$SCAN$OR$001 .svs,13829,2019-096-13,Immuno
0,13829$2019-063-6$US$SCAN$OR$001 .svs,13829,2019-063-6,Immuno
0,13829$2019-064-4$US$SCAN$OR$001 .svs,13829,2019-064-4,Control
0,13829$2019-097-9$US$SCAN$OR$001 .svs,13829,2019-097-9,Pentachrome
0,13829$2019-064-5$US$SCAN$OR$001 .svs,13829,2019-064-5,Immuno
0,13829$2019-097-11$US$SCAN$OR$001 .svs,13829,2019-097-11,Control
0,13829$2019-065-1$US$SCAN$OR$001 .svs,13829,2019-065-1,Immuno
0,13829$2019-065-3$US$SCAN$OR$001 .svs,13829,2019-065-3,Pentachrome
0,13829$2019-065-5$US$SCAN$OR$001 .svs,13829,2019-065-5,Control
0,13829$2019-085-10$US$SCAN$OR$001 .svs,13829,2019-085-10,Immuno
0,13829$2019-066-1$US$SCAN$OR$001 .svs,13829,2019-066-1,Immuno
0,13829$2019-066-3$US$SCAN$OR$001 .svs,13829,2019-066-3,Immuno
0,13829$2019-068-3$US$SCAN$OR$001 .svs,13829,2019-068-3,Pentachrome
0,13829$2019-077-9$US$SCAN$OR$001 .svs,13829,2019-077-9,Control
0,13829$2019-068-5$US$SCAN$OR$001 .svs,13829,2019-068-5,Immuno
0,13829$2019-068-6$US$SCAN$OR$001 .svs,13829,2019-068-6,Immuno
0,13829$2019-087-2$US$SCAN$OR$001 .svs,13829,2019-087-2,Immuno
0,13829$2020-047-08$US$SCAN$OR$001 .svs,13829,2020-047-08,Pentachrome
0,13829$2020-047-09$US$SCAN$OR$001 .svs,13829,2020-047-09,Control
0,13829$2020-047-10$US$SCAN$OR$001 .svs,13829,2020-047-10,Immuno
0,13829$2019-104-1$US$SCAN$OR$001 .svs,13829,2019-104-1,Immuno
0,13829$2019-104-8$US$SCAN$OR$001 .svs,13829,2019-104-8,Pentachrome
0,13829$2019-104-9$US$SCAN$OR$001 .svs,13829,2019-104-9,Immuno
0,13829$2019-104-10$US$SCAN$OR$001 .svs,13829,2019-104-10,Immuno
0,13829$2019-104-11$US$SCAN$OR$001 .svs,13829,2019-104-11,Control
0,13829$2019-014-1$US$SCAN$OR$001 .svs,13829,2019-014-1,Immuno
0,13829$2019-014-8$US$SCAN$OR$001 .svs,13829,2019-014-8,Pentachrome
0,13829$2019-014-7$US$SCAN$OR$001 .svs,13829,2019-014-7,Control
0,13829$2019-014-10$US$SCAN$OR$001 .svs,13829,2019-014-10,Immuno
0,13829$2019-019-1$US$SCAN$OR$001 .svs,13829,2019-019-1,Immuno
0,13829$2019-019-8$US$SCAN$OR$001 .svs,13829,2019-019-8,Pentachrome
0,13829$2019-019-9$US$SCAN$OR$001 .svs,13829,2019-019-9,Immuno
0,13829$2019-019-10$US$SCAN$OR$001 .svs,13829,2019-019-10,Immuno
0,13829$2019-019-11$US$SCAN$OR$001 .svs,13829,2019-019-11,Immuno
0,13829$2019-046-9$US$SCAN$OR$001 .svs,13829,2019-046-9,Pentachrome
0,13829$2019-046-8$US$SCAN$OR$001 .svs,13829,2019-046-8,Immuno
0,13829$2019-046-10$US$SCAN$OR$001 .svs,13829,2019-046-10,Control
0,13829$2019-046-11$US$SCAN$OR$001 .svs,13829,2019-046-11,Immuno
0,13829$2019-013-1$US$SCAN$OR$001 .svs,13829,2019-013-1,Immuno
0,13829$2019-013-8$US$SCAN$OR$001 .svs,13829,2019-013-8,Control
0,13829$2019-013-9$US$SCAN$OR$001 .svs,13829,2019-013-9,Pentachrome
0,13829$2019-013-10$US$SCAN$OR$001 .svs,13829,2019-013-10,Immuno
0,13829$2019-013-11$US$SCAN$OR$001 .svs,13829,2019-013-11,Immuno
0,13829$2019-035-1$US$SCAN$OR$001 .svs,13829,2019-035-1,Immuno
0,13829$2019-035-8$US$SCAN$OR$001 .svs,13829,2019-035-8,Pentachrome
0,13829$2019-035-9$US$SCAN$OR$001 .svs,13829,2019-035-9,Immuno
0,13829$2019-035-10$US$SCAN$OR$001 .svs,13829,2019-035-10,Immuno
0,13829$2019-035-11$US$SCAN$OR$001 .svs,13829,2019-035-11,Control
0,13829$2019-012-1$US$SCAN$OR$001 .svs,13829,2019-012-1,Immuno
0,13829$2019-016-9$US$SCAN$OR$001 .svs,13829,2019-016-9,Pentachrome
0,13829$2019-016-8$US$SCAN$OR$001 .svs,13829,2019-016-8,Immuno
0,13829$2019-016-10$US$SCAN$OR$001 .svs,13829,2019-016-10,Immuno
0,13829$2019-016-11$US$SCAN$OR$001 .svs,13829,2019-016-11,Immuno
0,13829$2019-016-12$US$SCAN$OR$001 .svs,13829,2019-016-12,Control
0,13829$2019-016-13$US$SCAN$OR$001 .svs,13829,2019-016-13,Control
0,13829$2019-017-1$US$SCAN$OR$001 .svs,13829,2019-017-1,Control
0,13829$2019-017-8$US$SCAN$OR$001 .svs,13829,2019-017-8,Immuno
0,13829$2019-017-10$US$SCAN$OR$001 .svs,13829,2019-017-10,Immuno
0,13829$2019-017-11$US$SCAN$OR$001 .svs,13829,2019-017-11,Pentachrome
0,13829$2019-018-1$US$SCAN$OR$001 .svs,13829,2019-018-1,Control
0,13829$2019-018-8$US$SCAN$OR$001 .svs,13829,2019-018-8,Immuno
0,13829$2019-018-9$US$SCAN$OR$001 .svs,13829,2019-018-9,Immuno
0,13829$2019-018-10$US$SCAN$OR$001 .svs,13829,2019-018-10,Immuno
0,13829$2019-027-9$US$SCAN$OR$001 .svs,13829,2019-027-9,Pentachrome
0,13829$2019-024-5$US$SCAN$OR$001 .svs,13829,2019-024-5,Immuno
0,13829$2019-030-10$US$SCAN$OR$001 .svs,13829,2019-030-10,Immuno
0,13829$2019-030-12$US$SCAN$OR$001 .svs,13829,2019-030-12,Control
0,13829$2019-012-6$US$SCAN$OR$001 .svs,13829,2019-012-6,Control
0,13829$2019-012-7$US$SCAN$OR$001 .svs,13829,2019-012-7,Immuno
0,13829$2019-030-13$US$SCAN$OR$001 .svs,13829,2019-030-13,Pentachrome
0,13829$2019-030-14$US$SCAN$OR$001 .svs,13829,2019-030-14,Immuno
0,13829$2019-012-8$US$SCAN$OR$001 .svs,13829,2019-012-8,Immuno
0,13829$2019-012-9$US$SCAN$OR$001 .svs,13829,2019-012-9,Pentachrome
0,13829$2019-012-10$US$SCAN$OR$001 .svs,13829,2019-012-10,Immuno
0,13829$2019-026-1$US$SCAN$OR$001 .svs,13829,2019-026-1,Immuno
0,13829$2019-026-2$US$SCAN$OR$001 .svs,13829,2019-026-2,
0,13829$2019-034-7$US$SCAN$OR$001 .svs,13829,2019-034-7,Pentachrome
0,13829$2019-034-8$US$SCAN$OR$001 .svs,13829,2019-034-8,Pentachrome
0,13829$2019-026-8$US$SCAN$OR$001 .svs,13829,2019-026-8,Control
0,13829$2019-034-9$US$SCAN$OR$001 .svs,13829,2019-034-9,Control
0,13829$2019-026-9$US$SCAN$OR$001 .svs,13829,2019-026-9,Immuno
0,13829$2019-034-10$US$SCAN$OR$001 .svs,13829,2019-034-10,Immuno
0,13829$2019-026-10$US$SCAN$OR$001 .svs,13829,2019-026-10,Immuno
0,13829$2019-034-11$US$SCAN$OR$001 .svs,13829,2019-034-11,Immuno
0,13829$2019-026-11$US$SCAN$OR$001 .svs,13829,2019-026-11,Immuno
0,13829$2019-006-1$US$SCAN$OR$001 .svs,13829,2019-006-1,Immuno
0,13829$2019-027-4$US$SCAN$OR$001 .svs,13829,2019-027-4,Immuno
0,13829$2019-027-5$US$SCAN$OR$001 .svs,13829,2019-027-5,Immuno
0,13829$2019-027-6$US$SCAN$OR$001 .svs,13829,2019-027-6,Immuno
0,13829$2019-027-7$US$SCAN$OR$001 .svs,13829,2019-027-7,Pentachrome
0,13829$2019-006-11$US$SCAN$OR$001 .svs,13829,2019-006-11,Control
0,13829$2019-107-2$US$SCAN$OR$001 .svs,13829,2019-107-2,Pentachrome
0,13829$2019-027-11$US$SCAN$OR$001 .svs,13829,2019-027-11,Immuno
0,13829$2019-107-3$US$SCAN$OR$001 .svs,13829,2019-107-3,Immuno
0,13829$2019-031-3$US$SCAN$OR$001 .svs,13829,2019-031-3,Pentachrome
0,13829$2019-107-9$US$SCAN$OR$001 .svs,13829,2019-107-9,Immuno
0,13829$2019-031-6$US$SCAN$OR$001 .svs,13829,2019-031-6,Immuno
0,13829$2019-107-11$US$SCAN$OR$001 .svs,13829,2019-107-11,Pentachrome
0,13829$2019-031-7$US$SCAN$OR$001 .svs,13829,2019-031-7,Control
0,13829$2019-031-9$US$SCAN$OR$001 .svs,13829,2019-031-9,Immuno
0,13829$2019-004-1$US$SCAN$OR$001 .svs,13829,2019-004-1,Immuno
0,13829$2019-031-10$US$SCAN$OR$001 .svs,13829,2019-031-10,Pentachrome
0,13829$2019-004-2$US$SCAN$OR$001 .svs,13829,2019-004-2,Immuno
0,13829$2019-004-3$US$SCAN$OR$001 .svs,13829,2019-004-3,Immuno
0,13829$2019-021-4$US$SCAN$OR$001 .svs,13829,2019-021-4,Pentachrome
0,13829$2019-021-5$US$SCAN$OR$001 .svs,13829,2019-021-5,Control
0,13829$2019-004-10$US$SCAN$OR$001 .svs,13829,2019-004-10,Immuno
0,13829$2019-004-11$US$SCAN$OR$001 .svs,13829,2019-004-11,Immuno
0,13829$2019-021-8$US$SCAN$OR$001 .svs,13829,2019-021-8,Immuno
0,13829$2019-105-1$US$SCAN$OR$001 .svs,13829,2019-105-1,Immuno
0,13829$2019-105-7$US$SCAN$OR$001 .svs,13829,2019-105-7,Control
0,13829$2019-105-8$US$SCAN$OR$001 .svs,13829,2019-105-8,Pentachrome
0,13829$2019-023-7$US$SCAN$OR$001 .svs,13829,2019-023-7,Immuno
0,13829$2019-105-6$US$SCAN$OR$001 .svs,13829,2019-105-6,Pentachrome
0,13829$2019-106-1$US$SCAN$OR$001 .svs,13829,2019-106-1,Immuno
0,13829$2019-023-10$US$SCAN$OR$001 .svs,13829,2019-023-10,Immuno
0,13829$2019-023-11$US$SCAN$OR$001 .svs,13829,2019-023-11,Immuno
0,13829$2019-106-2$US$SCAN$OR$001 .svs,13829,2019-106-2,Immuno
0,13829$2019-024-6$US$SCAN$OR$001 .svs,13829,2019-024-6,
0,13829$2019-106-9$US$SCAN$OR$001 .svs,13829,2019-106-9,Pentachrome
0,13829$2019-106-11$US$SCAN$OR$001 .svs,13829,2019-106-11,Immuno
0,13829$2019-106-10$US$SCAN$OR$001 .svs,13829,2019-106-10,Immuno
0,13829$2019-030-2$US$SCAN$OR$001 .svs,13829,2019-030-2,Immuno
0,13829$2019-030-1$US$SCAN$OR$001 .svs,13829,2019-030-1,Immuno
0,13829$2019-024-8$US$SCAN$OR$001 .svs,13829,2019-024-8,Immuno
0,13829$2019-030-3$US$SCAN$OR$001 .svs,13829,2019-030-3,Control
0,13829$2019-025-3$US$SCAN$OR$001 .svs,13829,2019-025-3,Immuno
0,13829$2019-030-8$US$SCAN$OR$001 .svs,13829,2019-030-8,Control
0,13829$2019-025-9$US$SCAN$OR$001 .svs,13829,2019-025-9,Pentachrome
0,13829$2019-025-5$US$SCAN$OR$001 .svs,13829,2019-025-5,Immuno
0,13829$2019-025-7$US$SCAN$OR$001 .svs,13829,2019-025-7,Control
0,13829$2019-025-4$US$SCAN$OR$001 .svs,13829,2019-025-4,Pentachrome
0,13829$2019-025-11$US$SCAN$OR$001 .svs,13829,2019-025-11,Immuno
0,13829$2020-030-1$US$SCAN$OR$001 .svs,13829,2020-030-1,Immuno
0,13829$2020-026-5$US$SCAN$OR$001 .svs,13829,2020-026-5,Poor section
0,13829$2020-026-8$US$SCAN$OR$001 .svs,13829,2020-026-8,Pentachrome
0,13829$2020-026-9$US$SCAN$OR$001 .svs,13829,2020-026-9,Pentachrome
0,13829$2020-026-10$US$SCAN$OR$001 .svs,13829,2020-026-10,Immuno
0,13829$2020-027-1$US$SCAN$OR$001 .svs,13829,2020-027-1,Immuno
0,13829$2020-027-2$US$SCAN$OR$001 .svs,13829,2020-027-2,Immuno
0,13829$2020-027-3$US$SCAN$OR$001 .svs,13829,2020-027-3,Pentachrome
0,13829$2020-020-8$US$SCAN$OR$001 .svs,13829,2020-020-8,Pentachrome
0,13829$2020-027-6$US$SCAN$OR$001 .svs,13829,2020-027-6,Pentachrome
0,13829$2020-027-8$US$SCAN$OR$001 .svs,13829,2020-027-8,Immuno
0,13829$2020-027-9$US$SCAN$OR$001 .svs,13829,2020-027-9,Control
0,13829$2020-020-10$US$SCAN$OR$001 .svs,13829,2020-020-10,Immuno
0,13829$2020-020-11$US$SCAN$OR$001 .svs,13829,2020-020-11,Immuno
0,13829$2019-047-1$US$SCAN$OR$001 .svs,13829,2019-047-1,Immuno
0,13829$2019-047-3$US$SCAN$OR$001 .svs,13829,2019-047-3,Immuno
0,13829$2019-047-6$US$SCAN$OR$001 .svs,13829,2019-047-6,Pentachrome
0,13829$2020-006-9$US$SCAN$OR$001 .svs,13829,2020-006-9,Immuno
0,13829$2019-047-7$US$SCAN$OR$001 .svs,13829,2019-047-7,Pentachrome
0,13829$2019-047-8$US$SCAN$OR$001 .svs,13829,2019-047-8,Pentachrome
0,13829$2020-006-10$US$SCAN$OR$001 .svs,13829,2020-006-10,Control
0,13829$2019-047-9$US$SCAN$OR$001 .svs,13829,2019-047-9,Immuno
0,13829$2020-030-2$US$SCAN$OR$001 .svs,13829,2020-030-2,Immuno
0,13829$2020-030-3$US$SCAN$OR$001 .svs,13829,2020-030-3,Immuno
0,13829$2020-030-4$US$SCAN$OR$001 .svs,13829,2020-030-4,Immuno
0,13829$2019-048-5$US$SCAN$OR$001 .svs,13829,2019-048-5,Pentachrome
0,13829$2019-048-6$US$SCAN$OR$001 .svs,13829,2019-048-6,Immuno
0,13829$2019-048-7$US$SCAN$OR$001 .svs,13829,2019-048-7,Immuno
0,13829$2020-030-10$US$SCAN$OR$001 .svs,13829,2020-030-10,Immuno
0,13829$2019-054-1$US$SCAN$OR$001 .svs,13829,2019-054-1,Immuno
0,13829$2019-048-8$US$SCAN$OR$001 .svs,13829,2019-048-8,Immuno
0,13829$2019-054-2$US$SCAN$OR$001 .svs,13829,2019-054-2,Immuno
0,13829$2019-054-3$US$SCAN$OR$001 .svs,13829,2019-054-3,Pentachrome
0,13829$2019-022-3$US$SCAN$OR$001 .svs,13829,2019-022-3,Control
0,13829$2019-054-4$US$SCAN$OR$001 .svs,13829,2019-054-4,Immuno
0,13829$2019-054-6$US$SCAN$OR$001 .svs,13829,2019-054-6,Control
0,13829$2019-022-8$US$SCAN$OR$001 .svs,13829,2019-022-8,Pentachrome
0,13829$2019-054-7$US$SCAN$OR$001 .svs,13829,2019-054-7,Pentachrome
0,13829$2019-054-8$US$SCAN$OR$001 .svs,13829,2019-054-8,Control
0,13829$2019-022-10$US$SCAN$OR$001 .svs,13829,2019-022-10,Immuno
0,13829$2019-022-11$US$SCAN$OR$001 .svs,13829,2019-022-11,Immuno
0,13829$2019-054-9$US$SCAN$OR$001 .svs,13829,2019-054-9,Immuno
0,13829$2019-022-1$US$SCAN$OR$001 .svs,13829,2019-022-1,Immuno
0,13829$2020-013-9$US$SCAN$OR$001 .svs,13829,2020-013-9,Immuno
0,13829$2020-013-10$US$SCAN$OR$001 .svs,13829,2020-013-10,Immuno
0,13829$2019-055-1$US$SCAN$OR$001 .svs,13829,2019-055-1,Immuno
0,13829$2019-055-3$US$SCAN$OR$001 .svs,13829,2019-055-3,Immuno
0,13829$2020-007-5$US$SCAN$OR$001 .svs,13829,2020-007-5,Pentachrome
0,13829$2019-055-9$US$SCAN$OR$001 .svs,13829,2019-055-9,Immuno
0,13829$2020-007-6$US$SCAN$OR$001 .svs,13829,2020-007-6,Immuno
0,13829$2020-007-8$US$SCAN$OR$001 .svs,13829,2020-007-8,Control
0,13829$2019-055-10$US$SCAN$OR$001 .svs,13829,2019-055-10,Pentachrome
0,13829$2020-007-10$US$SCAN$OR$001 .svs,13829,2020-007-10,Immuno
0,13829$2020-013-1$US$SCAN$OR$001 .svs,13829,2020-013-1,Immuno
0,13829$2020-013-3$US$SCAN$OR$001 .svs,13829,2020-013-3,Immuno
0,13829$2020-005-1$US$SCAN$OR$001 .svs,13829,2020-005-1,Control
0,13829$2020-008-15$US$SCAN$OR$001 .svs,13829,2020-008-15,Immuno
0,13829$2020-005-2$US$SCAN$OR$001 .svs,13829,2020-005-2,Control
0,13829$2020-008-16$US$SCAN$OR$001 .svs,13829,2020-008-16,Control
0,13829$2020-008-18$US$SCAN$OR$001 .svs,13829,2020-008-18,Immuno
0,13829$2020-008-19$US$SCAN$OR$001 .svs,13829,2020-008-19,Immuno
0,13829$2020-005-5$US$SCAN$OR$001 .svs,13829,2020-005-5,Immuno
0,13829$2020-008-2$US$SCAN$OR$001 .svs,13829,2020-008-2,Control
0,13829$2020-008-5$US$SCAN$OR$001 .svs,13829,2020-008-5,Pentachrome
0,13829$2020-008-7$US$SCAN$OR$001 .svs,13829,2020-008-7,Control
0,13829$2020-008-6$US$SCAN$OR$001 .svs,13829,2020-008-6,Pentachrome
0,13829$2020-008-8$US$SCAN$OR$001 .svs,13829,2020-008-8,Immuno
0,13829$2020-020-2$US$SCAN$OR$001 .svs,13829,2020-020-2,Immuno
0,13829$2020-005-12$US$SCAN$OR$001 .svs,13829,2020-005-12,Immuno
0,13829$2020-025-1$US$SCAN$OR$001 .svs,13829,2020-025-1,Control
0,13829$2020-025-8$US$SCAN$OR$001 .svs,13829,2020-025-8,Pentachrome
0,13829$2020-025-9$US$SCAN$OR$001 .svs,13829,2020-025-9,Immuno
0,13829$2020-025-10$US$SCAN$OR$001 .svs,13829,2020-025-10,Immuno
0,13829$2020-025-11$US$SCAN$OR$001 .svs,13829,2020-025-11,Immuno
0,13829$2020-027-13$US$SCAN$OR$001 .svs,13829,2020-027-13,Control
0,13829$2020-027-14$US$SCAN$OR$001 .svs,13829,2020-027-14,Immuno
0,13829$2020-027-19$US$SCAN$OR$001 -001.svs,13829,2020-027-19,Immuno
0,13829$2020-025-6$US$SCAN$OR$001 .svs,13829,2020-025-6,Immuno
0,13829$2020-005-3$US$SCAN$OR$001 .svs,13829,2020-005-3,Control
0,13829$2020-037-10$US$SCAN$OR$001 .svs,13829,2020-037-10,Immuno
0,13829$2020-037-9$US$SCAN$OR$001 .svs,13829,2020-037-9,Immuno
0,13829$2020-037-8$US$SCAN$OR$001 .svs,13829,2020-037-8,Immuno
0,13829$2020-037-7$US$SCAN$OR$001 .svs,13829,2020-037-7,Immuno
0,13829$2020-037-6$US$SCAN$OR$001 .svs,13829,2020-037-6,Pentachroma
0,13829$2020-036-8$US$SCAN$OR$001 .svs,13829,2020-036-8,Pentachrome
0,13829$2020-036-9$US$SCAN$OR$001 .svs,13829,2020-036-9,Immuno
0,13829$2020-036-10$US$SCAN$OR$001 .svs,13829,2020-036-10,Immuno
0,13829$2020-031-4$US$SCAN$OR$001 .svs,13829,2020-031-4,Immuno
0,13829$2020-031-8$US$SCAN$OR$001 .svs,13829,2020-031-8,Immuno
0,13829$2020-031-9$US$SCAN$OR$001 .svs,13829,2020-031-9,Immuno
0,13829$2020-031-10$US$SCAN$OR$001 .svs,13829,2020-031-10,Immuno
0,13829$2020-044-7$US$SCAN$OR$001 .svs,13829,2020-044-7,Pentachrome
0,13829$2020-044-8$US$SCAN$OR$001 .svs,13829,2020-044-8,Immuno
0,13829$2020-043-1$US$SCAN$OR$001 .svs,13829,2020-043-1,Immuno
0,13829$2020-043-8$US$SCAN$OR$001 .svs,13829,2020-043-8,Pentachrome
0,13829$2020-043-9$US$SCAN$OR$001 .svs,13829,2020-043-9,Pentachrome
0,13829$2020-043-10$US$SCAN$OR$001 .svs,13829,2020-043-10,Immuno
0,13829$2020-043-11$US$SCAN$OR$001 .svs,13829,2020-043-11,Immuno
0,13829$2020-041-2$US$SCAN$OR$001 .svs,13829,2020-041-2,Immuno
0,13829$2020-041-4$US$SCAN$OR$001 .svs,13829,2020-041-4,Pentachrome
0,13829$2020-041-6$US$SCAN$OR$001 .svs,13829,2020-041-6,Pentachrome
0,13829$2020-041-10$US$SCAN$OR$001 .svs,13829,2020-041-10,Immuno
0,13829$2020-039-1$US$SCAN$OR$001 .svs,13829,2020-039-1,Immuno
0,13829$2020-039-5$US$SCAN$OR$001 .svs,13829,2020-039-5,Immuno
0,13829$2020-039-9$US$SCAN$OR$001 .svs,13829,2020-039-9,Pentachrome
0,13829$2020-045-7$US$SCAN$OR$001 .svs,13829,2020-045-7,Immuno
0,13829$2015-015-2$US$SCAN$OR$001 .svs,13829,2015-015-2,Pentachrome
0,13829$2016-017-5$US$SCAN$OR$001 .svs,13829,2016-017-5,Pentachrome
0,13829$2002-060-2$US$SCAN$OR$001 .svs,13829,2002-060-2,Control
0,13829$2001-051-3$US$SCAN$OR$001 .svs,13829,2001-051-3,Immuno
0,13829$2019-002-10$US$SCAN$OR$001 .svs,13829,2019-002-10,Immuno
0,13829$2019-049-1$US$SCAN$OR$001 .svs,13829,2019-049-1,Immuno
0,13829$2019-049-9$US$SCAN$OR$001 .svs,13829,2019-049-9,Immuno
0,13829$2019-049-10$US$SCAN$OR$001 .svs,13829,2019-049-10,Immuno
0,13829$2019-101-1$US$SCAN$OR$001 .svs,13829,2019-101-1,Immuno
0,13829$2020-045-6$US$SCAN$OR$001 .svs,13829,2020-045-6,Pentachrome
0,13829$2020-048-7$US$SCAN$OR$001 .svs,13829,2020-048-7,Immuno
0,13829$2018-016-8$US$SCAN$OR$001 .svs,13829,2018-016-8,Pentachrome
0,13829$2018-016-9$US$SCAN$OR$001 .svs,13829,2018-016-9,Immuno
0,13829$2018-017-2$US$SCAN$OR$001 .svs,13829,2018-017-2,Immuno
0,13829$2001-051-2$US$SCAN$OR$001 .svs,13829,2001-051-2,Immuno
0,13829$2020-049-5$US$SCAN$OR$001 .svs,13829,2020-049-5,Control
0,13829$2019-101-3$US$SCAN$OR$001 .svs,13829,2019-101-3,Immuno
0,13829$2020-048-9$US$SCAN$OR$001 .svs,13829,2020-048-9,Control
0,13829$2000-053-2$US$SCAN$OR$001 .svs,13829,2000-053-2,Immuno
0,13829$2020-048-4$US$SCAN$OR$001 .svs,13829,2020-048-4,Immuno
0,13829$2020-049-3$US$SCAN$OR$001 -001.svs,13829,2020-049-3,Immuno
0,13829$2020-049-7$US$SCAN$OR$001 .svs,13829,2020-049-7,Control
0,13829$2020-049-9$US$SCAN$OR$001 .svs,13829,2020-049-9,Pentachrome
0,13829$2008-027-2$US$SCAN$OR$001 .svs,13829,2008-027-2,Immuno
0,13829$2003-010-2$US$SCAN$OR$001 -001.svs,13829,2003-010-2,Immuno
0,13829$2020-049-1$US$SCAN$OR$001 .svs,13829,2020-049-1,Immuno
0,13829$2003-054-1$US$SCAN$OR$001 -001.svs,13829,2003-054-1,Immuno
0,13829$2003-054-8$US$SCAN$OR$001 -001.svs,13829,2003-054-8,
0,13829$2017-042-5$US$SCAN$OR$001 .svs,13829,2017-042-5,
0,13829$2018-016-5$US$SCAN$OR$001 .svs,13829,2018-016-5,Control
0,13829$2011-039-9$US$SCAN$OR$001 .svs,13829,2011-039-9,Out of focus
0,13829$2011-039-11$US$SCAN$OR$001 .svs,13829,2011-039-11,Pentachrome
0,13829$2011-039-2$US$SCAN$OR$001 .svs,13829,2011-039-2,Trichrome
0,13829$2009-031-3$US$SCAN$OR$001 .svs,13829,2009-031-3,Control
0,13829$2005-047-17$US$SCAN$OR$001 .svs,13829,2005-047-17,Pentachrome
0,13829$2005-047-14$US$SCAN$OR$001 .svs,13829,2005-047-14,Pentachrome
0,13829$2011-039-8$US$SCAN$OR$001 .svs,13829,2011-039-8,Control
0,13829$2011-039-12$US$SCAN$OR$001 .svs,13829,2011-039-12,Control
0,13829$2005-047-16$US$SCAN$OR$001 .svs,13829,2005-047-16,Control
0,13829$2014-047-3$US$SCAN$OR$001 .svs,13829,2014-047-3,Pentachrome
0,13829$2014-026-6$US$SCAN$OR$001 .svs,13829,2014-026-6,Control
0,13829$2011-007-1$US$SCAN$OR$001 .svs,13829,2011-007-1,Control
0,13829$2008-027-7$US$SCAN$OR$001 .svs,13829,2008-027-7,Pentachrome
0,13829$2008-027-6$US$SCAN$OR$001 .svs,13829,2008-027-6,Pentachrome
0,13829$2008-026-7$US$SCAN$OR$001 .svs,13829,2008-026-7,Pentachrome
0,13829$2008-026-6$US$SCAN$OR$001 .svs,13829,2008-026-6,Pentachrome
0,13829$2007-014-8$US$SCAN$OR$001 .svs,13829,2007-014-8,Pentachrome
0,13829$2007-014-7$US$SCAN$OR$001 .svs,13829,2007-014-7,Control
0,13829$2007-014-6$US$SCAN$OR$001 .svs,13829,2007-014-6,Immuno
0,13829$2007-003-7$US$SCAN$OR$001 .svs,13829,2007-003-7,Immuno
0,13829$2007-003-6$US$SCAN$OR$001 .svs,13829,2007-003-6,BCC
0,13829$2007-014-12$US$SCAN$OR$001 .svs,13829,2007-014-12,Immuno
0,13829$2007-003-5$US$SCAN$OR$001 .svs,13829,2007-003-5,Immuno
0,13829$2005-047-10$US$SCAN$OR$001 .svs,13829,2005-047-10,Poor section
0,13829$2014-026-4$US$SCAN$OR$001 .svs,13829,2014-026-4,Immuno
0,13829$2004-027-3$US$SCAN$OR$001 .svs,13829,2004-027-3,Pentachrome
0,13829$2012-030-4$US$SCAN$OR$001 .svs,13829,2012-030-4,Immuno
